iter,loss,psnr,val_psnr
100,0.023322172462940216,16.32230997449787,
200,0.009566441178321838,20.192495945185627,
300,0.007370683364570141,21.324922451526668,
400,0.006245081312954426,22.044619026000912,
